{
  "id": "1.16.5-Impact_4.9.1-OptiFine_HD_U_G8",
  "type": "release",
  "inheritsFrom": "1.16.5",
  "jar": "1.16.5",
  "time": "2021-06-20T17:50:28Z",
  "releaseTime": "2021-06-20T17:50:28Z",
  "downloads": {},
  "minimumLauncherVersion": 0,
  "mainClass": "net.minecraft.launchwrapper.Launch",
  "arguments": {
    "game": [
      "--tweakClass",
      "clientapi.load.ClientTweaker",
      "--tweakClass",
      "baritone.launch.BaritoneTweaker"
    ]
  },
  "libraries": [
    {
      "name": "com.github.ImpactDevelopment:Impact:4.9.1-1.16.5",
      "downloads": {
        "artifact": {
          "path": "com/github/ImpactDevelopment/Impact/4.9.1-1.16.5/Impact-4.9.1-1.16.5.jar",
          "sha1": "d02e79a899cc1b5750f4d578d60b0a620ab9aaf3",
          "size": 3435542,
          "url": "https://github.com/ImpactDevelopment/ImpactReleases/releases/download/4.9.1-1.16.5/Impact-4.9.1-1.16.5.jar"
        }
      }
    },
    {
      "name": "cabaletta:baritone-api:1.6.3",
      "downloads": {
        "artifact": {
          "path": "cabaletta/baritone-api/1.6.3/baritone-api-1.6.3.jar",
          "sha1": "b4f81a92a78aa4b68ef558fc55900c21c2832543",
          "size": 454142,
          "url": "https://github.com/cabaletta/baritone/releases/download/v1.6.3/baritone-api-1.6.3.jar"
        }
      }
    },
    {
      "name": "optifine:launchwrapper-of:2.2"
    },
    {
      "name": "com.github.ImpactDevelopment:SimpleTweaker:1.2",
      "downloads": {
        "artifact": {
          "path": "com/github/ImpactDevelopment/SimpleTweaker/1.2/SimpleTweaker-1.2.jar",
          "sha1": "d1d3856e7d9ba0c43f6d6a1d488cdd35e5098127",
          "size": 9938,
          "url": "https://impactdevelopment.github.io/maven/com/github/ImpactDevelopment/SimpleTweaker/1.2/SimpleTweaker-1.2.jar"
        }
      }
    },
    {
      "name": "com.github.ZeroMemes:Alpine:1.8",
      "downloads": {
        "artifact": {
          "path": "com/github/ZeroMemes/Alpine/1.8/Alpine-1.8.jar",
          "sha1": "dc6480b5df4f275d7f07a1c86079b653606d4547",
          "size": 11163,
          "url": "https://impactdevelopment.github.io/maven/com/github/ZeroMemes/Alpine/1.8/Alpine-1.8.jar"
        }
      }
    },
    {
      "name": "net.impactclient:feather:1.0-3.2",
      "downloads": {
        "artifact": {
          "path": "net/impactclient/feather/1.0-3.2/feather-1.0-3.2.jar",
          "sha1": "3546f9ff75a59fb1dcbb2dec4a2d490b62c5713c",
          "size": 28708,
          "url": "https://impactdevelopment.github.io/maven/net/impactclient/feather/1.0-3.2/feather-1.0-3.2.jar"
        }
      }
    },
    {
      "name": "net.jodah:typetools:0.5.0",
      "downloads": {
        "artifact": {
          "path": "net/jodah/typetools/0.5.0/typetools-0.5.0.jar",
          "sha1": "f61380c805c48c98305157e2543ca0bfc91583fe",
          "size": 11800,
          "url": "https://repo.maven.apache.org/maven2/net/jodah/typetools/0.5.0/typetools-0.5.0.jar"
        }
      }
    },
    {
      "name": "io.jsonwebtoken:jjwt-api:0.10.7",
      "downloads": {
        "artifact": {
          "path": "io/jsonwebtoken/jjwt-api/0.10.7/jjwt-api-0.10.7.jar",
          "sha1": "52e888d8424d3c788e23fedfbfc65ce36830ab1a",
          "size": 74090,
          "url": "https://repo.maven.apache.org/maven2/io/jsonwebtoken/jjwt-api/0.10.7/jjwt-api-0.10.7.jar"
        }
      }
    },
    {
      "name": "io.jsonwebtoken:jjwt-impl:0.10.7",
      "downloads": {
        "artifact": {
          "path": "io/jsonwebtoken/jjwt-impl/0.10.7/jjwt-impl-0.10.7.jar",
          "sha1": "49cf3b0b6f10eb024104ae39c111c1fd0cd3be64",
          "size": 69390,
          "url": "https://repo.maven.apache.org/maven2/io/jsonwebtoken/jjwt-impl/0.10.7/jjwt-impl-0.10.7.jar"
        }
      }
    },
    {
      "name": "io.jsonwebtoken:jjwt-orgjson:0.10.7",
      "downloads": {
        "artifact": {
          "path": "io/jsonwebtoken/jjwt-orgjson/0.10.7/jjwt-orgjson-0.10.7.jar",
          "sha1": "0ebc35fc2cf1d28a6d649f1b3bbe412a00f215ac",
          "size": 7339,
          "url": "https://repo.maven.apache.org/maven2/io/jsonwebtoken/jjwt-orgjson/0.10.7/jjwt-orgjson-0.10.7.jar"
        }
      }
    },
    {
      "name": "org.spongepowered:mixin:0.7.11-SNAPSHOT",
      "downloads": {
        "artifact": {
          "path": "org/spongepowered/mixin/0.7.11-SNAPSHOT/mixin-0.7.11-SNAPSHOT.jar",
          "sha1": "7a670207bdb97db418118ad1e9bb42424ff3776d",
          "size": 1017668,
          "url": "https://impactdevelopment.github.io/maven/org/spongepowered/mixin/0.7.11-SNAPSHOT/mixin-0.7.11-SNAPSHOT.jar"
        }
      }
    },
    {
      "name": "com.github.ImpactDevelopment:Installer:0.8.5",
      "downloads": {
        "artifact": {
          "path": "com/github/ImpactDevelopment/Installer/0.8.5/Installer-0.8.5.jar",
          "sha1": "9db720452b388304fe75b48f7dcd2a306d75dae4",
          "size": 2194741,
          "url": "https://impactdevelopment.github.io/maven/com/github/ImpactDevelopment/Installer/0.8.5/Installer-0.8.5.jar"
        }
      }
    },
    {
      "name": "club.minnced:java-discord-rpc:2.0.1",
      "downloads": {
        "artifact": {
          "path": "club/minnced/java-discord-rpc/2.0.1/java-discord-rpc-2.0.1.jar",
          "sha1": "ead41bb260edbf8dd93fad38f0a85b52d6da844c",
          "size": 7194,
          "url": "https://impactdevelopment.github.io/maven/club/minnced/java-discord-rpc/2.0.1/java-discord-rpc-2.0.1.jar"
        }
      }
    },
    {
      "name": "org.ow2.asm:asm-all:5.2",
      "downloads": {
        "artifact": {
          "path": "org/ow2/asm/asm-all/5.2/asm-all-5.2.jar",
          "sha1": "2ea49e08b876bbd33e0a7ce75c8f371d29e1f10a",
          "size": 247787,
          "url": "https://repo1.maven.org/maven2/org/ow2/asm/asm-all/5.2/asm-all-5.2.jar"
        }
      }
    },
    {
      "name": "org.json:json:20190722",
      "downloads": {
        "artifact": {
          "path": "org/json/json/20190722/json-20190722.jar",
          "sha1": "07bce7bacf0ab5e9f894d307a3de8b7f540064d5",
          "size": 65003,
          "url": "https://repo.maven.apache.org/maven2/org/json/json/20190722/json-20190722.jar"
        }
      }
    },
    {
      "name": "club.minnced:discord-rpc-release:v3.3.0",
      "downloads": {
        "artifact": {
          "path": "club/minnced/discord-rpc-release/v3.3.0/discord-rpc-release-v3.3.0.jar",
          "sha1": "df54530ca097f94abc9a28d3b5153d8828a3f5b5",
          "size": 609446,
          "url": "https://impactdevelopment.github.io/maven/club/minnced/discord-rpc-release/v3.3.0/discord-rpc-release-v3.3.0.jar"
        }
      }
    },
    {
      "name": "optifine:OptiFine:1.16.5_HD_U_G8"
    }
  ]
}